{
  "mean_": [
    120.90586615634369,
    0.25465325601756716,
    0.05517126600839024,
    0.20372260481405374,
    0.634545363289086,
    0.8582501443537438,
    0.14999999999999994,
    -7.9680681275863465,
    0.9118745074051768,
    5.3031212484994,
    1.0,
    4.0,
    -116.01484624764213,
    133.57806466779218,
    -6.118216914140439,
    -0.715588472079763,
    0.46484135642272084,
    0.4620683403486679,
    0.4619484398098124,
    0.4606889780221724,
    0.4685523896193018,
    0.45333492686124555,
    0.4394564796216777,
    0.4447889144645304,
    0.4517866020121065,
    0.46000430572862955,
    0.4526363043707101,
    0.45637132438505684,
    2923.6370936873127,
    6.215808745887104
  ],
  "scale_": [
    26.159333429470482,
    0.08174736325230911,
    0.01880770710883127,
    0.0653978906018473,
    0.0925770171097804,
    0.03967432669809142,
    1.0,
    2.7309351802421666,
    0.13521609266615456,
    3.5091993465356417,
    1.0,
    1.0,
    63.63518996459281,
    23.05815236542489,
    10.005010664351653,
    4.287740590884529,
    0.09781661720073484,
    0.09988955700550971,
    0.10124608564793541,
    0.10027122953744849,
    0.10300373967036536,
    0.10511191846599711,
    0.09754540389307001,
    0.09589646528000936,
    0.09038241199460764,
    0.09383036601136323,
    0.09169976552636792,
    0.09247678103135282,
    740.6161368782433,
    7.146012787874969
  ],
  "feature_cols": [
    "tempo",
    "energy",
    "danceability",
    "valence",
    "acousticness",
    "instrumentalness",
    "liveness",
    "loudness",
    "speechiness",
    "key",
    "mode",
    "time_signature",
    "mfcc_1",
    "mfcc_2",
    "mfcc_5",
    "mfcc_13",
    "chroma_C",
    "chroma_C_sharp",
    "chroma_D",
    "chroma_D_sharp",
    "chroma_E",
    "chroma_F",
    "chroma_F_sharp",
    "chroma_G",
    "chroma_G_sharp",
    "chroma_A",
    "chroma_A_sharp",
    "chroma_B",
    "spectral_centroid",
    "harmonic_percussive_ratio"
  ]
}