{
  "mean_": [
    120.84596650341174,
    0.24730224739004786,
    0.05524417844595674,
    0.1978417979120383,
    0.6362735417751789,
    0.8591848931690801,
    0.14999999999999997,
    -8.004948248377422,
    0.9100243315380712,
    5.315529179030663,
    1.0,
    4.0,
    -119.44246405357187,
    134.19509568105937,
    -5.956072325774945,
    -0.7398463653061542,
    0.4580829225178406,
    0.45604940091879737,
    0.45684837939772244,
    0.4529554118447441,
    0.4641172453598971,
    0.44972584267634197,
    0.4358368301368019,
    0.4443132609983816,
    0.448883195482305,
    0.4577030109722466,
    0.44805812452478533,
    0.45151504106325874,
    2909.8116657985693,
    6.309472129074577
  ],
  "scale_": [
    25.667086105567506,
    0.08113010740040116,
    0.01925255549128016,
    0.06490408592032093,
    0.093794681546919,
    0.040219685946827705,
    1.0,
    2.7216898738682476,
    0.1392081870501461,
    3.4610087824470033,
    1.0,
    1.0,
    64.30553042651734,
    23.45008059040924,
    10.296481561283017,
    4.172452263417488,
    0.09453202351824462,
    0.0998126311049051,
    0.1009352921442635,
    0.09702551154602479,
    0.09996587635292947,
    0.10481945009662716,
    0.09342031826859344,
    0.094811601238242,
    0.08869835494213031,
    0.09219948719019862,
    0.08935809589937181,
    0.08978476912489831,
    750.3574523753521,
    7.437172232077436
  ],
  "feature_cols": [
    "tempo",
    "energy",
    "danceability",
    "valence",
    "acousticness",
    "instrumentalness",
    "liveness",
    "loudness",
    "speechiness",
    "key",
    "mode",
    "time_signature",
    "mfcc_1",
    "mfcc_2",
    "mfcc_5",
    "mfcc_13",
    "chroma_C",
    "chroma_C_sharp",
    "chroma_D",
    "chroma_D_sharp",
    "chroma_E",
    "chroma_F",
    "chroma_F_sharp",
    "chroma_G",
    "chroma_G_sharp",
    "chroma_A",
    "chroma_A_sharp",
    "chroma_B",
    "spectral_centroid",
    "harmonic_percussive_ratio"
  ]
}